{
  "metadata": {
    "timestamp": "2026-02-23T10:02:26.970802",
    "experiment": "text_type_comparison",
    "models": [
      "clip",
      "chinese_clip",
      "siglip2",
      "jina_clip",
      "mbert_resnet"
    ],
    "text_types": [
      "original",
      "interpretation",
      "catalogue",
      "educational"
    ],
    "device": "cuda",
    "pool_size": 55,
    "seed": 42
  },
  "t2i_recall": {
    "clip": {
      "original": {
        "classical_zh": {
          "1": 5.555555555555555,
          "5": 27.77777777777778,
          "10": 55.55555555555556
        },
        "modern_zh": {
          "1": 11.11111111111111,
          "5": 27.77777777777778,
          "10": 44.44444444444444
        },
        "en": {
          "1": 5.555555555555555,
          "5": 27.77777777777778,
          "10": 44.44444444444444
        }
      },
      "interpretation": {
        "classical_zh": {
          "1": 0.0,
          "5": 22.22222222222222,
          "10": 55.55555555555556
        },
        "modern_zh": {
          "1": 5.555555555555555,
          "5": 27.77777777777778,
          "10": 55.55555555555556
        },
        "en": {
          "1": 5.555555555555555,
          "5": 27.77777777777778,
          "10": 61.111111111111114
        }
      },
      "catalogue": {
        "classical_zh": {
          "1": 5.555555555555555,
          "5": 33.33333333333333,
          "10": 50.0
        },
        "modern_zh": {
          "1": 11.11111111111111,
          "5": 27.77777777777778,
          "10": 55.55555555555556
        },
        "en": {
          "1": 0.0,
          "5": 22.22222222222222,
          "10": 50.0
        }
      },
      "educational": {
        "classical_zh": {
          "1": 0.0,
          "5": 11.11111111111111,
          "10": 55.55555555555556
        },
        "modern_zh": {
          "1": 11.11111111111111,
          "5": 33.33333333333333,
          "10": 50.0
        },
        "en": {
          "1": 11.11111111111111,
          "5": 38.88888888888889,
          "10": 50.0
        }
      }
    },
    "chinese_clip": {
      "original": {
        "classical_zh": {
          "1": 11.11111111111111,
          "5": 22.22222222222222,
          "10": 33.33333333333333
        },
        "modern_zh": {
          "1": 11.11111111111111,
          "5": 22.22222222222222,
          "10": 33.33333333333333
        },
        "en": {
          "1": 5.555555555555555,
          "5": 33.33333333333333,
          "10": 44.44444444444444
        }
      },
      "interpretation": {
        "classical_zh": {
          "1": 16.666666666666664,
          "5": 22.22222222222222,
          "10": 61.111111111111114
        },
        "modern_zh": {
          "1": 11.11111111111111,
          "5": 38.88888888888889,
          "10": 55.55555555555556
        },
        "en": {
          "1": 5.555555555555555,
          "5": 22.22222222222222,
          "10": 38.88888888888889
        }
      },
      "catalogue": {
        "classical_zh": {
          "1": 22.22222222222222,
          "5": 27.77777777777778,
          "10": 33.33333333333333
        },
        "modern_zh": {
          "1": 22.22222222222222,
          "5": 44.44444444444444,
          "10": 61.111111111111114
        },
        "en": {
          "1": 5.555555555555555,
          "5": 27.77777777777778,
          "10": 55.55555555555556
        }
      },
      "educational": {
        "classical_zh": {
          "1": 0.0,
          "5": 22.22222222222222,
          "10": 22.22222222222222
        },
        "modern_zh": {
          "1": 5.555555555555555,
          "5": 22.22222222222222,
          "10": 33.33333333333333
        },
        "en": {
          "1": 0.0,
          "5": 38.88888888888889,
          "10": 61.111111111111114
        }
      }
    },
    "siglip2": {
      "original": {
        "classical_zh": {
          "1": 5.555555555555555,
          "5": 16.666666666666664,
          "10": 27.77777777777778
        },
        "modern_zh": {
          "1": 5.555555555555555,
          "5": 11.11111111111111,
          "10": 27.77777777777778
        },
        "en": {
          "1": 5.555555555555555,
          "5": 16.666666666666664,
          "10": 27.77777777777778
        }
      },
      "interpretation": {
        "classical_zh": {
          "1": 5.555555555555555,
          "5": 22.22222222222222,
          "10": 55.55555555555556
        },
        "modern_zh": {
          "1": 11.11111111111111,
          "5": 38.88888888888889,
          "10": 66.66666666666666
        },
        "en": {
          "1": 0.0,
          "5": 27.77777777777778,
          "10": 38.88888888888889
        }
      },
      "catalogue": {
        "classical_zh": {
          "1": 5.555555555555555,
          "5": 22.22222222222222,
          "10": 27.77777777777778
        },
        "modern_zh": {
          "1": 5.555555555555555,
          "5": 38.88888888888889,
          "10": 44.44444444444444
        },
        "en": {
          "1": 5.555555555555555,
          "5": 22.22222222222222,
          "10": 50.0
        }
      },
      "educational": {
        "classical_zh": {
          "1": 5.555555555555555,
          "5": 16.666666666666664,
          "10": 27.77777777777778
        },
        "modern_zh": {
          "1": 5.555555555555555,
          "5": 22.22222222222222,
          "10": 38.88888888888889
        },
        "en": {
          "1": 0.0,
          "5": 11.11111111111111,
          "10": 22.22222222222222
        }
      }
    },
    "jina_clip": {
      "original": {
        "classical_zh": {
          "1": 11.11111111111111,
          "5": 27.77777777777778,
          "10": 72.22222222222221
        },
        "modern_zh": {
          "1": 5.555555555555555,
          "5": 33.33333333333333,
          "10": 66.66666666666666
        },
        "en": {
          "1": 0.0,
          "5": 16.666666666666664,
          "10": 44.44444444444444
        }
      },
      "interpretation": {
        "classical_zh": {
          "1": 0.0,
          "5": 50.0,
          "10": 66.66666666666666
        },
        "modern_zh": {
          "1": 5.555555555555555,
          "5": 38.88888888888889,
          "10": 55.55555555555556
        },
        "en": {
          "1": 16.666666666666664,
          "5": 33.33333333333333,
          "10": 44.44444444444444
        }
      },
      "catalogue": {
        "classical_zh": {
          "1": 11.11111111111111,
          "5": 33.33333333333333,
          "10": 66.66666666666666
        },
        "modern_zh": {
          "1": 11.11111111111111,
          "5": 38.88888888888889,
          "10": 72.22222222222221
        },
        "en": {
          "1": 5.555555555555555,
          "5": 33.33333333333333,
          "10": 61.111111111111114
        }
      },
      "educational": {
        "classical_zh": {
          "1": 16.666666666666664,
          "5": 38.88888888888889,
          "10": 55.55555555555556
        },
        "modern_zh": {
          "1": 11.11111111111111,
          "5": 27.77777777777778,
          "10": 55.55555555555556
        },
        "en": {
          "1": 11.11111111111111,
          "5": 27.77777777777778,
          "10": 61.111111111111114
        }
      }
    },
    "mbert_resnet": {
      "original": {
        "classical_zh": {
          "1": 0.0,
          "5": 16.666666666666664,
          "10": 44.44444444444444
        },
        "modern_zh": {
          "1": 5.555555555555555,
          "5": 27.77777777777778,
          "10": 38.88888888888889
        },
        "en": {
          "1": 5.555555555555555,
          "5": 27.77777777777778,
          "10": 33.33333333333333
        }
      },
      "interpretation": {
        "classical_zh": {
          "1": 11.11111111111111,
          "5": 27.77777777777778,
          "10": 50.0
        },
        "modern_zh": {
          "1": 5.555555555555555,
          "5": 27.77777777777778,
          "10": 50.0
        },