{
  "metadata": {
    "timestamp": "2026-02-20T14:46:59.051225",
    "config": "experiments/configs/experiment_config.yaml",
    "models": [
      "clip",
      "chinese_clip",
      "siglip2",
      "jina_clip",
      "mbert_resnet"
    ],
    "device": "cuda",
    "num_samples": 18,
    "pool_size": 55,
    "expanded_pool": true
  },
  "task_a": {
    "clip": {
      "classical_zh": {
        "i2t": {
          "1": 6.8181818181818175,
          "5": 27.27272727272727,
          "10": 47.72727272727273
        },
        "t2i": {
          "1": 5.555555555555555,
          "5": 27.77777777777778,
          "10": 55.55555555555556
        }
      },
      "modern_zh": {
        "i2t": {
          "1": 4.545454545454546,
          "5": 27.27272727272727,
          "10": 45.45454545454545
        },
        "t2i": {
          "1": 11.11111111111111,
          "5": 27.77777777777778,
          "10": 44.44444444444444
        }
      },
      "en": {
        "i2t": {
          "1": 11.363636363636363,
          "5": 38.63636363636363,
          "10": 61.36363636363637
        },
        "t2i": {
          "1": 5.555555555555555,
          "5": 27.77777777777778,
          "10": 44.44444444444444
        }
      }
    },
    "chinese_clip": {
      "classical_zh": {
        "i2t": {
          "1": 13.636363636363635,
          "5": 43.18181818181818,
          "10": 63.63636363636363
        },
        "t2i": {
          "1": 11.11111111111111,
          "5": 22.22222222222222,
          "10": 33.33333333333333
        }
      },
      "modern_zh": {
        "i2t": {
          "1": 13.636363636363635,
          "5": 43.18181818181818,
          "10": 65.9090909090909
        },
        "t2i": {
          "1": 11.11111111111111,
          "5": 22.22222222222222,
          "10": 33.33333333333333
        }
      },
      "en": {
        "i2t": {
          "1": 18.181818181818183,
          "5": 36.36363636363637,
          "10": 65.9090909090909
        },
        "t2i": {
          "1": 5.555555555555555,
          "5": 38.88888888888889,
          "10": 44.44444444444444
        }
      }
    },
    "siglip2": {
      "classical_zh": {
        "i2t": {
          "1": 4.545454545454546,
          "5": 27.27272727272727,
          "10": 52.27272727272727
        },
        "t2i": {
          "1": 5.555555555555555,
          "5": 16.666666666666664,
          "10": 27.77777777777778
        }
      },
      "modern_zh": {
        "i2t": {
          "1": 6.8181818181818175,
          "5": 22.727272727272727,
          "10": 59.09090909090909
        },
        "t2i": {
          "1": 5.555555555555555,
          "5": 11.11111111111111,
          "10": 27.77777777777778
        }
      },
      "en": {
        "i2t": {
          "1": 6.8181818181818175,
          "5": 29.545454545454547,
          "10": 56.81818181818182
        },
        "t2i": {
          "1": 5.555555555555555,
          "5": 16.666666666666664,
          "10": 33.33333333333333
        }
      }
    },
    "jina_clip": {
      "classical_zh": {
        "i2t": {
          "1": 11.363636363636363,
          "5": 29.545454545454547,
          "10": 54.54545454545454
        },
        "t2i": {
          "1": 11.11111111111111,
          "5": 27.77777777777778,
          "10": 72.22222222222221
        }
      },
      "modern_zh": {
        "i2t": {
          "1": 9.090909090909092,
          "5": 34.090909090909086,
          "10": 68.18181818181817
        },
        "t2i": {
          "1": 5.555555555555555,
          "5": 33.33333333333333,
          "10": 66.66666666666666
        }
      },
      "en": {
        "i2t": {
          "1": 9.090909090909092,
          "5": 34.090909090909086,
          "10": 61.36363636363637
        },
        "t2i": {
          "1": 0.0,
          "5": 16.666666666666664,
          "10": 44.44444444444444
        }
      }
    },
    "mbert_resnet": {
      "classical_zh": {
        "i2t": {
          "1": 4.545454545454546,
          "5": 31.818181818181817,
          "10": 56.81818181818182
        },
        "t2i": {
          "1": 0.0,
          "5": 16.666666666666664,
          "10": 44.44444444444444
        }
      },
      "modern_zh": {
        "i2t": {
          "1": 4.545454545454546,
          "5": 31.818181818181817,
          "10": 65.9090909090909
        },
        "t2i": {
          "1": 5.555555555555555,
          "5": 27.77777777777778,
          "10": 38.88888888888889
        }
      },
      "en": {
        "i2t": {
          "1": 15.909090909090908,
          "5": 36.36363636363637,
          "10": 59.09090909090909
        },
        "t2i": {
          "1": 5.555555555555555,
          "5": 27.77777777777778,
          "10": 33.33333333333333
        }
      }
    }
  },
  "task_b": {
    "clip": {
      "CC→MC": {
        "1": 5.555555555555555,
        "5": 38.88888888888889,
        "10": 61.111111111111114
      },
      "MC→CC": {
        "1": 22.22222222222222,
        "5": 38.88888888888889,
        "10": 66.66666666666666
      },
      "CC→EN": {
        "1": 11.11111111111111,
        "5": 27.77777777777778,
        "10": 66.66666666666666
      },
      "EN→CC": {
        "1": 5.555555555555555,
        "5": 27.77777777777778,
        "10": 61.111111111111114
      },
      "MC→EN": {
        "1": 5.555555555555555,
        "5": 27.77777777777778,
        "10": 50.0
      },
      "EN→MC": {
        "1": 0.0,
        "5": 16.666666666666664,
        "10": 50.0
      }
    },
    "chinese_clip": {
      "CC→MC": {
        "1": 38.88888888888889,
        "5": 88.88888888888889,
        "10": 94.44444444444444
      },
      "MC→CC": {
        "1": 55.55555555555556,
        "5": 77.77777777777779,
        "10": 94.44444444444444
      },
      "CC→EN": {
        "1": 16.666666666666664,
        "5": 38.88888888888889,
        "10": 72.22222222222221
      },
      "EN→CC": {
        "1": 16.666666666666664,
        "5": 55.55555555555556,
        "10": 83.33333333333334
      },
      "MC→EN": {
        "1": 22.22222222222222,
        "5": 44.44444444444444,
        "10": 72.22222222222221
      },
      "EN→MC": {
        "1": 11.11111111111111,
        "5": 38.88888888888889,
        "10": 66.66666666666666
      }
    },
    "siglip2": {
      "CC→MC": {
        "1": 16.666666666666664,
        "5": 44.44444444444444,
        "10": 55.55555555555556
      },
      "MC→CC": {
        "1": 16.666666666666664,
        "5": 38.88888888888889,
        "10": 66.66666666666666
      },
      "CC→EN": {
        "1": 5.555555555555555,
        "5": 33.33333333333333,
        "10": 61.111111111111114
      },
      "EN→CC": {
        "1": 5.555555555555555,
        "5": 38.88888888888889,
        "10": 66.66666666666666
      },
      "MC→EN": {
        "1": 0.0,
        "5": 44.44444444444444,
        "10": 72.22222222222221
      },
      "EN→MC": {
        "1": 0.0,
        "5": 33.33333333333333,
        "10": 66.66666666666666
      }
    },
    "jina_clip": {
      "CC→MC": {
        "1": 88.88888888888889,
        "5": 100.0,
        "10": 100.0
      },
      "MC→CC": {
        "1": 88.88888888888889,
        "5": 100.0,
        "10": 100.0
      },
      "CC→EN": {
        "1": 33.33333333333333,
        "5": 72.22222222222221,
        "10": 100.0
      },
      "EN→CC": {
        "1": 50.0,
        "5": 61.111111111111114,
        "10": 88.88888888888889
      },
      "MC→EN": {
        "1": 44.44444444444444,
        "5": 83.33333333333334,
        "10": 94.44444444444444
      },
      "EN→MC": {
        "1": 50.0,
        "5": 88.88888888888889,
        "10": 94.44444444444444
      }
    },
    "mbert_resnet": {
      "CC→MC": {
        "1": 11.11111111111111,
        "5": 55.55555555555556,
        "10": 61.111111111111114
      },
      "MC→CC": {
        "1": 22.22222222222222,
        "5": 50.0,
        "10": 77.77777777777779
      },
      "CC→EN": {
        "1": 5.555555555555555,